Airoh AVIATOR 3 Helmet SIX DAYS 2021 ITALY, , ,[''],[],"7 408,24 NOK",,Offroad,Unisex,,Helmets,Offroad helmets, ,https://www.duell.se/af/img/p/dl/thickbox_default//57-2156.png,https://www.duell.se/af/img/p/dl/thickbox_default//57-2156a.jpg,https://www.duell.se/af/img/p/dl/thickbox_default//57-2156b.jpg, , , 
Airoh Helmet Aviator 3 Carbon Matt, , , ,[],"5 543,44 NOK",,Offroad,Unisex,,Helmets,Offroad helmets, ,https://www.duell.se/af/img/p/dl/thickbox_default//57-230001.jpg,https://www.duell.se/af/img/p/dl/thickbox_default//57-230001a.jpg, , , , 
Airoh Helmet Aviator 3 Primal Carbon 3K yellow matt, , ,[''],[],"5 485,20 NOK",,Offroad,Unisex,,Helmets,Offroad helmets, ,https://www.duell.se/af/img/p/dl/thickbox_default//57-2100.jpg,https://www.duell.se/af/img/p/dl/thickbox_default//57-2100a.jpg, , , , 
HJC Helmet RPHA 1 RedBull Austin GP MC21SF, , , ,[],"7 676,00 NOK",,Full Face,Unisex,,Helmets,Full Face Helmets, ,https://www.duell.se/af/img/p/dl/thickbox_default//630-22011.png,https://www.duell.se/af/img/p/dl/thickbox_default//630-22011a.png,https://www.duell.se/af/img/p/dl/thickbox_default//630-22011b.png,https://www.duell.se/af/img/p/dl/thickbox_default//630-22011c.png, , 
HJC Helmet RPHA 1 Senin Black/Yellow MC3HSF, , , ,[],"6 876,00 NOK",,Full Face,Unisex,,Helmets,Full Face Helmets, ,https://www.duell.se/af/img/p/dl/thickbox_default//630-22010.jpg, , , , , 
HJC Helmet RPHA 1 Senin Black/Red MC1SF, , , ,[],"6 876,00 NOK",,Full Face,Unisex,,Helmets,Full Face Helmets, ,https://www.duell.se/af/img/p/dl/thickbox_default//630-22008.jpg,https://www.duell.se/af/img/p/dl/thickbox_default//630-22008a.jpg, , , , 
Airoh Helmet Aviator 3 League Blue, , , ,[],"4 645,20 NOK",,Offroad,Unisex,,Helmets,Offroad helmets, ,https://www.duell.se/af/img/p/dl/thickbox_default//57-230010.jpg,https://www.duell.se/af/img/p/dl/thickbox_default//57-230010a.jpg, , , , 
Airoh Helmet Aviator 3 League Red, , , ,[],"4 645,20 NOK",,Offroad,Unisex,,Helmets,Offroad helmets, ,https://www.duell.se/af/img/p/dl/thickbox_default//57-230009.jpg,https://www.duell.se/af/img/p/dl/thickbox_default//57-230009a.jpg, , , , 
Airoh Helmet Aviator 3 Spin Red Matt, , , ,[],"4 645,20 NOK",,Offroad,Unisex,,Helmets,Offroad helmets, ,https://www.duell.se/af/img/p/dl/thickbox_default//57-230008.jpg,https://www.duell.se/af/img/p/dl/thickbox_default//57-230008a.jpg, , , , 
Airoh Helmet Aviator 3 Spin Yellow/Blue, , , ,[],"4 645,20 NOK",,Offroad,Unisex,,Helmets,Offroad helmets, ,https://www.duell.se/af/img/p/dl/thickbox_default//57-230007.jpg,https://www.duell.se/af/img/p/dl/thickbox_default//57-230007a.jpg, , , , 
Airoh Helmet Aviator 3 Spin Orange Fluo Matt, , , ,[],"4 645,20 NOK",,Offroad,Unisex,,Helmets,Offroad helmets, ,https://www.duell.se/af/img/p/dl/thickbox_default//57-230006.jpg,https://www.duell.se/af/img/p/dl/thickbox_default//57-230006a.jpg, , , , 
Airoh Helmet Aviator 3 Glory Orange Matt, , , ,[],"4 645,20 NOK",,Offroad,Unisex,,Helmets,Offroad helmets, ,https://www.duell.se/af/img/p/dl/thickbox_default//57-230005.jpg,https://www.duell.se/af/img/p/dl/thickbox_default//57-230005a.jpg, , , , 
Airoh Helmet Aviator 3 Glory Yellow Matt, , , ,[],"4 645,20 NOK",,Offroad,Unisex,,Helmets,Offroad helmets, ,https://www.duell.se/af/img/p/dl/thickbox_default//57-230004.jpg,https://www.duell.se/af/img/p/dl/thickbox_default//57-230004a.jpg, , , , 
Airoh Helmet Aviator 3 Push Blue/Red, , , ,[],"4 645,20 NOK",,Offroad,Unisex,,Helmets,Offroad helmets, ,https://www.duell.se/af/img/p/dl/thickbox_default//57-230003.jpg,https://www.duell.se/af/img/p/dl/thickbox_default//57-230003a.jpg, , , , 
Airoh Helmet Aviator 3 Push Blue, , , ,[],"4 645,20 NOK",,Offroad,Unisex,,Helmets,Offroad helmets, ,https://www.duell.se/af/img/p/dl/thickbox_default//57-230002.jpg,https://www.duell.se/af/img/p/dl/thickbox_default//57-230002a.jpg, , , , 
Airoh AVIATOR 3 Helmet SIX DAYS 2021 ITALY, , ,[''],[],"7 408,24 NOK",,Offroad,Unisex,,Helmets,Offroad helmets, ,https://www.duell.se/af/img/p/dl/thickbox_default//57-2156.png,https://www.duell.se/af/img/p/dl/thickbox_default//57-2156a.jpg,https://www.duell.se/af/img/p/dl/thickbox_default//57-2156b.jpg, , , 
 , , , ,[], , , , , , , , , , , , , , 
Airoh AVIATOR 3 Helmet SIX DAYS 2021 ITALY, , ,[''],[],"7 408,24 NOK",,Offroad,Unisex,,Helmets,Offroad helmets, ,https://www.duell.se/af/img/p/dl/thickbox_default//57-2156.png,https://www.duell.se/af/img/p/dl/thickbox_default//57-2156a.jpg,https://www.duell.se/af/img/p/dl/thickbox_default//57-2156b.jpg, , , 
Airoh Helmet Aviator 3 Carbon Matt, , , ,[],"5 543,44 NOK",,Offroad,Unisex,,Helmets,Offroad helmets, ,https://www.duell.se/af/img/p/dl/thickbox_default//57-230001.jpg,https://www.duell.se/af/img/p/dl/thickbox_default//57-230001a.jpg, , , , 
 , , , ,[], , , , , , , , , , , , , , 
Airoh AVIATOR 3 Helmet SIX DAYS 2021 ITALY, , ,[''],[],"7 408,24 NOK",,Offroad,Unisex,,Helmets,Offroad helmets, ,https://www.duell.se/af/img/p/dl/thickbox_default//57-2156.png,https://www.duell.se/af/img/p/dl/thickbox_default//57-2156a.jpg,https://www.duell.se/af/img/p/dl/thickbox_default//57-2156b.jpg, , , 
Airoh Helmet Aviator 3 Carbon Matt, , , ,[],"5 543,44 NOK",,Offroad,Unisex,,Helmets,Offroad helmets, ,https://www.duell.se/af/img/p/dl/thickbox_default//57-230001.jpg,https://www.duell.se/af/img/p/dl/thickbox_default//57-230001a.jpg, , , , 
Airoh Helmet Aviator 3 Primal Carbon 3K yellow matt, , ,[''],[],"5 485,20 NOK",,Offroad,Unisex,,Helmets,Offroad helmets, ,https://www.duell.se/af/img/p/dl/thickbox_default//57-2100.jpg,https://www.duell.se/af/img/p/dl/thickbox_default//57-2100a.jpg, , , , 
 , , , ,[], , , , , , , , , , , , , , 
Airoh AVIATOR 3 Helmet SIX DAYS 2021 ITALY, , ,[''],[],"7 408,24 NOK",,Offroad,Unisex,,Helmets,Offroad helmets, ,https://www.duell.se/af/img/p/dl/thickbox_default//57-2156.png,https://www.duell.se/af/img/p/dl/thickbox_default//57-2156a.jpg,https://www.duell.se/af/img/p/dl/thickbox_default//57-2156b.jpg, , , 
 , , , ,[], , , , , , , , , , , , , , 
Airoh AVIATOR 3 Helmet SIX DAYS 2021 ITALY, , ,[''],[],"7 408,24 NOK",,Offroad,Unisex,,Helmets,Offroad helmets, ,https://www.duell.se/af/img/p/dl/thickbox_default//57-2156.png,https://www.duell.se/af/img/p/dl/thickbox_default//57-2156a.jpg,https://www.duell.se/af/img/p/dl/thickbox_default//57-2156b.jpg, , , 
Airoh Helmet Aviator 3 Carbon Matt, , , ,[],"5 543,44 NOK",,Offroad,Unisex,,Helmets,Offroad helmets, ,https://www.duell.se/af/img/p/dl/thickbox_default//57-230001.jpg,https://www.duell.se/af/img/p/dl/thickbox_default//57-230001a.jpg, , , , 
Airoh Helmet Aviator 3 Primal Carbon 3K yellow matt, , ,[''],[],"5 485,20 NOK",,Offroad,Unisex,,Helmets,Offroad helmets, ,https://www.duell.se/af/img/p/dl/thickbox_default//57-2100.jpg,https://www.duell.se/af/img/p/dl/thickbox_default//57-2100a.jpg, , , , 
 , , , ,[], , , , , , , , , , , , , , 
